System,Avg Locking Ops,Jitter Total,Jitter %,Robust Locking Ops,Robust Cycle Count,ICache Miss,DCache Access,DCache Miss
freertos,4601894.71,88,0.00,4601890.764705882,5205.0,0.22,78.00,0.00
threadx,3925213.52,50,0.00,3925213.0,6141.346153846154,0.75,369.06,0.06
zephyr,5853853.60,2,0.00,5853853.6,4102.0,0.16,37.00,0.00
